wallet,id_0,id_1,id_2,id_3,id_4,id_5,id_6,id_7,id_8,id_9
0x8b6a462c281aadfb,cf9e61a0-8828-4b1b-ba95-89087cd5509c,72fb8f90-d403-4d03-aa12-16f7b3e82747,5f5beccf-1d7f-420e-8a44-73e98f78c6c4,fcd7f916-e244-4262-8d8d-809094b138d8,ee637cba-8344-43a6-be72-5a3b0a834d75,3c961ef0-2afa-49dc-9c18-72b833bd18fd,b1bbd08a-d2c5-410b-9f72-7ba37e13736f,2e3f4d88-4607-4e96-8595-ad0552c4062d,e8d7b493-ceaf-434d-90c5-dbbe88a1602a,70b41a37-5cec-4b03-a6bd-ad93963b333c
0x4788e734f8491a5b,beafbcb1-5c17-464f-b0c5-943987319d51,c3172f7a-4503-49b0-a503-0f7c2700ffb5,b66f2318-40fb-47a5-91de-2aa4054f5594,77c7c053-e6a6-4e94-ac8b-18c058c25988,e5403ee6-5a76-4782-9e98-a39f35854248,6c105de7-fafc-4a0e-b2ac-11f4a0f00955,7947f3fd-943c-401f-ade9-cf283254e941,f6dda0bf-65c2-46c4-ae5d-0d8de4837212,93128fbe-cefe-4f88-86cc-e1bda4c684f5,232051fe-227f-4ce1-92ea-7d3058e145c7
0x33fb80905088b044,094dbf5f-8ce1-4b86-afd7-032e4472d98a,6b89f1b3-5cb2-44d5-abf8-a2bb8e0de062,b5f505f6-8b6f-4519-ac34-be85a6182fb7,eb0c4659-ab83-4710-89b2-41be8b23995a,d487eb5a-b43e-433d-ad4a-2098cdceb5ef,cc05f26b-2616-49d3-9237-ceff139a1b9d,8353e889-f80a-4434-9de3-2df1c555c3d3,4db251ec-6b6e-47c4-a6d4-e96b4722dfd4,073f8eec-3e0b-425e-a02f-fb755311bc25,58e76b8e-9e01-4c19-b833-08d134867ac2
0x19424b8a5400fcb3,8b27c651-7cc2-4767-8d13-901bcf788c2f,19fb3f46-923a-4436-ad8a-b1fd460f299e,6062749d-e54f-4d8e-b4a7-5f3be4cecdc5,0022caa9-a31a-4771-81a8-56b529d1c872,fa6ff877-ea62-4134-81c3-11d8f49e3203,aa4699ad-dee7-447f-a274-0df602874848,09dc9184-6529-401c-bfd8-5f0567155e64,d2651fda-84af-42e4-9c51-f44fdf01f16c,7671965d-dd47-48c9-a7b1-ec752a9d5a34,8d945c5a-bcc0-44b3-b58b-159b9574b78b
0x4ab2327b5e1f3ca1,09a37fbc-1866-4ef0-81a7-062fa04174ea,49f2d1ca-3ba3-4215-b534-39f42de32c38,3162f992-01fe-497a-9ef5-ca8d4935e756,71ea001d-4fed-4e65-9c4d-0ad6ea45e4ac,92fdaa07-fe08-4a6a-975c-ed8ba0059a1c,6884a014-285a-4387-a12b-affba1b2cd5c,f9ea2000-2d0b-49a4-98a3-098af1646bc9,c3575e58-be9e-4088-9ef5-ca7ab4e69e69,52d075ee-c9da-4e2c-aeef-db9b97db56a1,104bf63d-eb4b-45f7-9bdc-3661ca8d335b
0x64e58ffeea9b2a09,32bd33e4-2bf0-4568-a031-2b5d841e19cf,139abca2-0998-4308-a271-0678fa27e9ba,991f2fb1-aa52-4a68-a440-47844b885815,a3911c9e-f3c5-4fb9-9dff-15198c5d17ba,f4ec07ce-5ab7-4490-90c3-b660a099bf7a,55cd11dc-dd44-4deb-b854-a00ef696ca7d,e2540f19-4d3c-4d7e-b43e-e90ec23b6f83,bcd8f5ec-7342-40b1-bd6c-d12470d4ab0f,0277d288-c05b-4901-bbc6-e26a62f81410,1fd7161f-f2ea-4afc-9b69-7da8475fd1a6
0x7d8f08954f51d0a7,a1861aef-96ad-4882-ae06-cbac00afca4d,95c7d9c9-8482-40b9-8f7b-fcfcdd78c935,3e0b3d41-7c89-4502-adeb-847dd1601d5a,eec73df0-fdf7-4c65-b3a1-a3ebcafc9d09,540ec60d-8d9c-4628-b68e-77c02f2b339d,f27da4aa-9496-4c19-9905-4ddc26d572be,20df9d09-460e-4598-bd07-902e3012bfeb,9effa8c2-1e5d-415f-a94c-d350d72e452d,919951dd-0dd1-43b1-9fcf-12694024ceb8,8e42eddf-5249-41f3-a96d-c3bb788f2f13
0x9a9e605a98ba8efd,ae028f8b-892c-4858-a5d8-9208822e1ffb,0152b6c1-bdec-4a6b-82c6-e9366776b1ca,176cd541-8ba1-4443-aa83-774bad777bf3,2d702a47-cdb0-43ff-8563-77662a591d6e,92d784e0-20fc-480f-a622-a13c9be95bf8,0a4caa52-0aaa-4f11-a2c9-c53e16a3607d,c06bd6cc-a2a6-4ec8-9d90-3a666597ac41,5255168d-a6fe-4a2b-aae2-f8a119239532,2a5626c0-5f14-4151-a848-a03904394f0b,f96fa495-d83d-443f-a1f7-aeb2ff5fded1
0xf897de380cb49b64,436105c9-a62f-4b42-bbf8-014fffffdb78,7c43ae0e-de00-4bdd-9542-246ab44040f3,a24fd240-f84c-44e1-a360-386b767ef39a,fcdb7ee1-0882-4355-aeec-ce0136d4cea5,835bce80-a276-494c-ab1e-d53fcfd1f517,cba47569-d5ee-44d8-8c6b-de96415b3290,da132b75-18fd-4f37-bc2b-4a1481325903,ea45a8d1-343f-4dd6-a6e8-ce87e799033a,cd17496c-9ca2-46aa-983a-548f110727ee,a94b1665-328c-433a-babf-e59ac0cf3cc1
0xa308f76a2b2a7483,089f3c79-ecd2-44b1-97b4-b313e96da57a,e9f58623-f6be-460b-b59d-c2a75ec06ef3,7cb98d53-efef-4b1b-bac5-b2ac57a9e411,0150da18-21ff-4e21-8e45-33aed9425c5e,7dc36cbf-5bd7-4770-a8d2-12e2ed8c273b,b94c169a-c21c-425d-abc5-0cb1a55f7e69,81a0197d-3730-4c1b-bec9-af36eacd9795,9296492a-adf5-4196-bdf6-ec87eddcd634,1e8b6025-4790-43ae-a4c2-77618451999c,b3d75c09-bf7f-4709-aedb-5a05c6f101f6
0xd96bb5897cf0a54e,86b73f27-a389-4df9-98de-21df674830b3,b01ba84d-e342-4f3b-9bc3-514b519c08c4,e4b536ed-f83b-4f79-a11a-6e03bb683c88,3c6d158e-f38c-4392-8d22-96d1f9c91761,8605d69f-74af-4024-8265-9c93b17df357,d93cf671-e9b8-463d-83b1-bf9e7d9acc0e,75206bb0-3580-4907-807c-ef26d9ed0fdc,cde5666d-47be-486b-90b7-2e9fc45ac717,c7c9fca4-33b7-4f13-9ae1-1f0323dee0e3,edeff610-00f9-4d30-8c6a-3173c34dbc7f
0x235a98cf2b2a2054,e6c7a2d5-2407-496d-9985-934f470ec1ce,c12ba8cc-223d-4a88-82c3-57b4dc068a16,39587363-2181-43e3-9e4c-75183aa4f54c,32386e96-329c-4a80-a151-9b5e48442f1a,aa31e6c0-c613-4569-a25c-dd52a17a585c,d121d809-18af-4888-87e9-31abd04d2d97,427aca16-a5f5-4680-bf77-9e208647e94b,f67c71d8-290a-4de2-a2cb-ce422cd3703e,fa6ff877-ea62-4134-81c3-11d8f49e3203,9341a65e-8915-4f91-a902-b3c1aa558aeb
0xc8bbd22a88b8b467,4a82efea-2c47-4f65-85a1-62267f7d737f,ddd388bb-c29c-44c6-aeb3-cad2d7681100,3a5e6894-497d-4d5c-b65f-0242aa0561fd,0600f5c5-3405-435a-9311-dfc2fe765d7d,611eb69a-c701-427f-8694-1ea298d9eae3,c66c885c-2994-47a1-b1a9-774e5c103bb4,d4b6567b-1cfa-4884-a92c-bee5ab006a53,53ff7a35-5544-45d6-8ccc-b3ee7736578c,2762d66c-b3dc-4112-8948-6c270efa47cf,c86f827f-5803-46a8-8590-6452e6c4f32b
0x9f74f9896e1df5f1,7e2361ae-996e-4ddc-90a3-dd69c61d23c3,6145d337-3be4-4c17-8e71-45e945ce65b8,239cc06f-b985-475f-beca-bba8a823efb2,d6a8fc94-b59e-4d6f-8a40-5fbd7b5caafa,d15cd2cd-e473-44f3-8f16-6e4e8edf70b3,f36a69d0-a758-4e7c-8a14-e8b2179d7502,d4e9a1ce-2fa9-4907-9a36-d6d0e9ee48ec,7b74058e-82c5-41cb-8e65-7ad9aad20fe2,1bcd3a7c-fbae-4fdd-b197-a1bf81620cfe,0f114755-f908-4c44-b8ec-3ca6b004a7e4
0x7541bafd155b683e,688c10d1-9ed1-4d07-93e3-599d43d438f3,e996e9bc-17b2-445d-a5aa-702971d1bba2,9e47fa6d-575a-4c94-8c17-ba217d0255df,81fdbd9b-6e57-4074-86a3-3304b0627c49,cfcd338e-7f8e-4b22-aed7-65ffb21129cc,7491362f-df19-4992-95e6-545473b4757e,af5498f9-a37d-492d-af20-f90d71707849,2e8c8fe9-b280-4b22-9aa7-cb2667867549,8bdf67b2-e1c1-426a-98ad-7a9c30b2d05f,5faaa80d-16b0-4880-be39-b5147a9f0910
0x8668bd1d417da9da,02c16fb7-7722-4e3e-90b2-f30c24f0eaac,cdbc4b87-bef2-454c-adb0-e2babc3eff64,51302de3-a592-4cca-9354-30743985a2e5,1f3fcb7f-af77-4978-8e60-80da10ed88aa,e4f1fd45-6b5f-4e37-89bb-d2b9980cf615,96f8f68f-6524-46e9-91c1-73f6b7994668,6cf2ec97-df1f-457a-abdb-7dda44e81aec,5b23deda-f34e-44ad-8c39-3f9ecb61b1fb,f2bfe603-def5-471f-b3c2-36dde76c089d,95f07929-b9d2-46a8-afdf-5f50c12fa14c
0x4e2c842cb5d154ee,cc9bbe8d-085c-42cc-b717-b238c70ec13d,35ac296a-5846-4d91-b2c8-b6b01bc97ce4,10d4b58b-ce41-4a13-bb9b-1d2713d62bcb,bfeb91bd-4913-48b6-8cb9-8db10808572b,be6d1df5-e43a-42da-909d-39c85a817778,1dd73a62-d11f-4532-9286-c0742926005f,56346e37-fa10-4649-89f3-916066470fb8,1e2b8625-c593-4ec8-a988-45f6d0782af9,ea63d5b9-dab0-4221-9cf4-0c2366e3fe02,58758f6c-bcb0-4f25-b7a1-273a5a0412ad
0x4f768fbfc061a5b6,7a79e8c8-a7ed-49ea-b1c8-3f544df1920c,9bc73cbf-bb02-450b-8ca9-92ceab9cadd9,835bf0e3-fa41-477c-99af-45626f4faedc,1268a1ba-31c1-48bd-930c-646554e2b32a,9848cb20-7c41-44c4-8724-d42e3f4ca7a5,458bcc88-dafa-4fb0-b1e9-18c296d351b8,fe439602-2f64-4195-81ed-010a5e76caa0,ac750501-c8ec-4a1e-b8dd-90e2117d41ad,17283ea0-cd52-49a6-a28f-b4e6e01706ea,3269e99d-0109-4519-98cb-ec42d339704a
0xddece960930dea52,bb102abc-cbf6-4475-b00e-cbe95a5a0ac2,8c2bf323-800f-4d20-b415-9ebde43a4a82,a63cebee-5ae3-4ca6-a559-a2c080cfa91b,55bbeabf-389e-41c1-b7d7-9b328cb92a8e,0ea25e64-aaf7-4d1e-86f5-c90c2bd0eb86,b5561594-f821-42ba-96f2-882f83a00697,fd0bfe25-a1d5-418f-8d3d-5159b010d63e,380eb84e-33a3-4c7b-857d-7b14738f61c3,f60b66df-3aa2-4b9f-9979-7f38f370c38a,172ab1c0-793a-4c33-ae71-9aea08cc8ebf
0x3879c4294f92d6e4,90aa873a-0793-47f9-a9e3-c29448bbfc33,e31867ff-cb81-4d41-af0f-892336f30d38,22a2ce31-d14f-44a6-8b73-796b0a557da4,5f5f02db-f863-4955-81f6-2fe01b5c13b4,b8178f6a-70ee-4a32-90f4-8ae092db499d,4ba91d4b-3e10-4dfa-9b89-acd204c949ee,0c09f57a-bfff-4abc-bb0a-fe9acd594dc1,14ac34a6-af04-482e-b4b9-bc16c483a044,54d2b830-fadd-42b4-82e1-2e2c58e471a3,ba2d2b47-ab18-403a-a5e8-2843aaf9783f
0xbee776009d396a51,a84104ab-eb76-4a66-bf90-a1fbf7595fbb,5a0e805d-c725-4241-8a3f-5497f239fba1,0474cafd-9839-411d-a133-6850cfaa7dcb,5f61b4ea-872e-410a-9072-afcaf007a08a,b747d388-35be-4155-b7a6-39a85b2e5dc8,d68d02a9-dd02-459e-9228-1101dfb970cf,fc91ea2e-c0ea-4146-80db-56f04d17292a,0f3bddc3-c46a-4d78-b945-809bb2f24bcd,8cff51cc-08da-4f9b-b8d1-06338767433e,7752967c-61f2-4d07-bdc7-3932741b019e
0x2252abfb10fe4ee3,9101db42-832d-42fa-8e5f-1fd7df0027a0,1d017db6-06ae-4b99-a166-0719b97c0992,c23b0cd4-0883-468c-9fa9-f1577c784d46,c202bb9d-8d56-4aaf-9404-22e7e9a2eb18,ba3b02df-0149-4838-8a33-c614ac5f8be5,278b13f0-b386-4924-849d-56123d910036,00e47aca-2797-445f-ae16-44cab56dd5bf,9510f74c-226d-46b1-bb85-e4e435920979,a0b12f7b-85fd-46c0-8c6a-e2084d94f1b2,048e5ebd-7a70-49ee-8405-928e5b1377b0
0xb0c3cea14d23d224,e64ccdb7-73d2-4b58-ac6a-7b6ce2b78b6a,149c531b-e96c-495a-beb8-d733a759f2d0,9198d591-cc23-4a5d-9e8c-b410d4f9f436,f2a1bf49-a4b6-4d15-a116-b10f8b8de847,a0f26ec6-6dc1-4d6d-ba8b-85ddaf8e4763,a61999da-d73f-4e3f-9ad4-78e50d909cb1,c8b6bd0c-b75e-4f40-b07e-ad9b8dd2482b,437e8a83-03f2-4b98-8b83-e1d2d419daaa,e71edae3-2c93-4e9d-ae60-9ee9d0290eea,c8509e7a-be5c-414b-8067-49ac0ab7e95f
0x66f4336d1418b0f4,2aa71016-310a-45c1-8852-f5f65cace823,687968c6-1bea-49e7-a5ba-5f901dbec96a,910acbfa-89fc-4d1b-8369-1904a438c2a0,39d2cba9-8521-4222-915e-c4bf9fe19fcb,8e41069b-027d-4cc4-ba34-11206034ae88,4642560a-f268-486e-b2b0-acd342ea7025,8f7ea322-b602-458b-8e12-ecce9bff5e12,9f557432-d4bd-4773-83bc-60b565b2a5a9,40c65226-5dba-45c9-9207-851502be4a72,946dd722-eba7-4cc1-ad20-b21ee655debd
0xed67ca1072a41242,cabc57d2-c06a-41fd-ab15-02040c69ded9,10fef710-786b-4033-87c3-25387a790db9,a450b9de-1b83-48ba-a3ab-ddca210af644,e1d9ade3-3a5e-43ce-8e3d-e1b8b0618f91,bfa5c8cc-6835-4c3b-aebc-c8791178716d,5a20a591-9b3c-46a5-9ccb-56ae0844673d,85ae9eb1-8891-4422-949b-8e4c71e1c99c,edc0df69-ad03-407d-9103-994662f54667,a0eeb7f4-902b-4559-9de9-b131c530510d,9fe122ce-9b37-43c1-b6fa-b4f4e9f89884
0x6cbd90039bfc4354,b83bb19f-6f57-4a4e-9311-287f713ab4f9,8ac76431-9bb6-49f4-88f3-2e2788a4d8d4,5754aed0-c6bb-4c0c-812b-86eed1a8f107,da732fbb-5bbc-4ced-af63-48bfb816dd63,3c1ccb8c-167d-41b9-a3a7-6c2ce6c9df5c,897099fe-0ce8-4ee4-a5ec-3494268b6f19,7ba73359-8977-43e8-9ca7-936c495fd540,d3313951-206e-4793-8062-4063a5c55e7a,f69a10db-abf7-44ba-8e52-2f25058153d3,57acd488-5967-4f7b-9c3e-70d4570b30d0
0x760e5312752dc4ae,a5786741-da78-4ea6-babe-36c75f8b1dde,fa784305-c649-498c-8e9a-ffdb1047bee1,7df6bd54-dccf-4c5a-a546-39b4f311cdd8,dac6d5e8-9056-4f4a-9a8c-624a293de877,326eebff-fb4f-40b4-9706-4294c9e59073,d2a30e00-54b5-4988-a63f-a502fd7fde9c,56f037a3-6091-46f9-86c5-125963d5e0ed,e7516f51-0cf4-433d-8b77-7857c1df9e2e,19390d69-b7b0-438a-a3fe-8a1c8d883f85,698774df-ca1e-4028-a272-92675b09b66e
0x3376758a5e4ebe6c,c11e8b6d-8d9b-4ba5-b4da-48c25e3fac7e,83b659d7-b300-4bc9-9a0b-7132d0125265,a42bbe06-d507-4aac-a450-4efdbd40bf00,6268ed69-5d12-48eb-9477-8f090292ab01,e58157c6-55ac-48e3-bfaf-f39450b3cf3c,d1caad86-53f3-4de5-871f-870a5c4b1c38,f905e305-2c2e-49fa-9e0f-7eb859651068,674ceb23-cb65-4226-b4b7-95f056ba84fc,57b8b519-1d10-4414-ba86-366f07db687d,81c7d07a-678d-4853-8064-c3f76122f01b
0x31aaf244670ceb9d,eeee82c5-821b-482f-af72-75f25ab7c803,5e4aae23-ac42-486d-96d5-987acc472803,a37ca0a3-fab9-4f35-b5c7-e81a529a07d8,fbb0c91a-763b-4a68-a1e9-685949e1515c,4a9fabaa-100a-4acf-9e7c-7408e3383926,eea250c5-57ae-4af0-8e6f-cb87234706c8,03a71eb0-9bc6-41a7-9ebc-c9e3650fe436,897531cd-4da6-40f3-863a-2f6dcb17796e,7cc2eb5f-4458-4d80-b397-09af1f0d877c,6d296209-873f-4b00-8a44-76b0e6fe36c8
0x9f74f9896e1df5f1,7e2361ae-996e-4ddc-90a3-dd69c61d23c3,d6a8fc94-b59e-4d6f-8a40-5fbd7b5caafa,6145d337-3be4-4c17-8e71-45e945ce65b8,239cc06f-b985-475f-beca-bba8a823efb2,d15cd2cd-e473-44f3-8f16-6e4e8edf70b3,d4e9a1ce-2fa9-4907-9a36-d6d0e9ee48ec,f36a69d0-a758-4e7c-8a14-e8b2179d7502,7b74058e-82c5-41cb-8e65-7ad9aad20fe2,1bcd3a7c-fbae-4fdd-b197-a1bf81620cfe,0f114755-f908-4c44-b8ec-3ca6b004a7e4
0xf90cc1a4c029c83c,959aef3a-8583-4b73-812f-032a68351872,8fd0541f-bd6b-4215-87d3-1deab5f78668,38f7d1dd-c215-4185-9dad-4c930670e6a4,56ca08d4-aa45-4a41-b2f7-6fb3cf06eee1,e3dd2608-0eda-4b5a-a482-07c6d8b64ac5,5fb154ed-4585-492b-bd48-2115d7552834,a04e37f4-462a-45cf-a902-9c50c6b65b59,f6464ba0-b9dc-4660-be66-31837c038256,c2d25f8f-c1c9-4e65-9d05-eb05f5f2d84f,2e39c037-4def-4ef3-8030-20eb6f6892f0
0x9b879eee67d839cc,8dfc2663-252b-4ba4-8e66-de9c3dedf464,d9a82207-cfb8-4158-800e-7d5031c10f8c,3cc47464-431a-40af-be17-45f27b333084,f7b7d937-82b5-4e2d-aef6-dd6bf77b3e0a,dbc0085a-ac00-4ca1-8720-70578e13f8df,64966eb1-df0c-4290-bd0b-261ccdaa510e,ec1aa55e-6c7d-405e-a4ef-1193f538b5eb,70432bad-fe46-415f-81e5-ef009427005f,faa38dc1-cba3-49a2-8831-e1db9eecb04a,b1a2ab4a-1709-4dac-90ff-b4fa4664c132
0x31aaf244670ceb9d,eeee82c5-821b-482f-af72-75f25ab7c803,5e4aae23-ac42-486d-96d5-987acc472803,a37ca0a3-fab9-4f35-b5c7-e81a529a07d8,fbb0c91a-763b-4a68-a1e9-685949e1515c,eea250c5-57ae-4af0-8e6f-cb87234706c8,4a9fabaa-100a-4acf-9e7c-7408e3383926,2fdfcad5-1eb4-4538-a1e1-d399216ed5d1,8ea8ebe3-4995-4211-abe7-53d3bd931a3e,7cc2eb5f-4458-4d80-b397-09af1f0d877c,95bbde69-13ea-4e3b-939c-fc63e9850100
0x42e1c4c3843ca7d1,5f6eb9e0-399d-425e-bafc-8b979a221ce8,ee306f97-53d3-4ef8-8108-c5db88cb9942,2f7d550c-2bf3-457d-ad2c-bbfec2d64558,3e5a5ff4-45b1-4ec4-8975-0df1023915cb,baa49878-2bff-400c-a55d-5193533fcbf8,8be56009-f4d7-426a-b0e5-50a528346cd5,ff733121-9d04-470e-949e-9c523869b726,4354c0a7-b1d0-4227-9e77-24c7df4376d9,dbd451ab-646a-4163-88e4-56a934e963f1,ed790d2e-c160-4aa3-ab63-284bf105eef0
0xcfd9bad75352b43b,4139d1d6-7540-4195-ab64-1d38fd929273,b3818e7c-2797-4327-befd-de2e9489ed1e,5c410b7c-90a5-4be1-83da-ec0a8eb67bd1,45a66ba0-65b9-4d05-946f-b3be410c2f5d,bb77e323-fed1-4ab5-b392-07647d62f277,c143ddcf-f261-487a-8c92-3a59398988ad,5eea72d6-b093-4851-89a4-9346759cd605,1192a375-1c7b-4899-b754-2ffed1fa8425,67564f23-fa9e-45f0-8e21-8da4069af7af,16d54669-74cb-4652-a920-f3ba8bd6e926
0xccad7ebbc155c12e,6289e565-a00c-4c5b-9541-b5d8b0308ccb,d2f8dd26-3f4c-4e3b-8a40-1387124886cb,39c63ef6-56d8-4e42-a711-c1ff42d9ad0f,31268590-ef5b-462e-b852-08ba61638c88,7a091202-e7ad-4793-a7f3-ceef4b441ad3,9452e1fe-3917-4c2a-8bf5-3607405ecc96,30f1e963-2583-4829-acd5-5ecd65fd6a9a,7ec389b8-b8f9-4e3e-83f1-fa95b230bdf1,607e06dd-92f0-430f-b397-f6ea32cf19e0,bdd4b8ad-f90d-4d05-8d51-59ced0c68542
0x35b4e6c6be0718c7,791b4fae-3035-4983-9591-965c6b8888e9,dfd20017-0869-473e-86fe-3fcb3b9779de,3a4e7504-bb4d-4b64-a71f-13ca1743579b,d813789f-c76b-4b5b-b147-12a947a46255,83697cd5-074c-49fa-b873-937700d1ce0a,b3bcc583-aa11-449e-83d4-99d25513182f,1a278d01-0e2e-4ffb-845c-bd74baa5d404,165ea854-c805-48e5-a9e8-375becbe9cb9,b9571b57-e000-40de-8197-13483b5a43ef,223146d8-a4ad-4d5f-ab0c-c9fa90cefe94
0x5b19e38751ca4289,6ec07067-c1d7-4b41-b4a0-8a8286312ebd,38ebb234-da05-473d-9001-b4f7c406881c,18503005-b6f7-4e03-93c1-f4c4b2c85066,18503005-b6f7-4e03-93c1-f4c4b2c85066,653d532d-e7f1-40cd-9fd5-2706cd073764,66edb57d-2615-4a0e-b0d9-2e4ae84f16f0,8a275c48-50f7-424b-917f-2d0cea785086,f78c7a85-a938-45ec-ad55-2188d396d1d2,653d532d-e7f1-40cd-9fd5-2706cd073764,6f3971b7-0545-4bf0-b948-4697b4b5c927
0x834b160178840864,69549c24-812c-49fd-a931-7ffb312d9aa1,12df6d20-0048-404c-84ca-810361a59056,7e16ed56-c2d8-42f3-b656-27f6791ed346,37e96104-4fe0-4ce1-8195-e52b61db11a9,f3da7af5-40d1-45fb-8622-40319c4e48f1,dd196ffd-b010-4fac-9f6f-f0109ecd5906,ca67e4aa-4817-4c2e-83dd-8a6950fa7410,aa8aa959-1266-4c6b-bc63-98e9f4908cf3,141e9588-66a4-46df-83ec-6663f9d242d5,3a52e3dc-a060-41fa-8710-b8b921432fa3
0xd6641d89e6372ee1,a05a27a7-ad48-4745-b5ad-52b55aab54e5,0595c170-f7a0-4215-afca-fde1ad6ef161,7fabc696-45be-434e-966f-1a50e0e2360c,66fb4662-3f23-4c20-bb7a-c17929094ab1,a00ff2b6-ccde-429d-ac53-4ed4355b37d2,9238d76a-432e-41d0-b80d-34895bf58565,f67927b3-4fd4-4bef-bc11-5834acc2e676,4f82094c-ffd6-4267-968d-b0624489e177,c996991d-d041-4811-9b2d-864ce3216e19,2ae2479e-9a30-4e4c-a222-4966e59884e8
0xace9324ff2b33485,aa33911f-290f-4403-972a-8a08dd1efb7f,1331bf9b-325f-47ce-afc8-dc7bc5a7ca5e,d14f5eef-1fae-4091-8326-3908972d2cb4,726701b1-aeca-4ac2-9d6b-bc0fc568a41b,0f17775e-e180-42b9-b75c-3ba52a81d218,a1e84cb4-2e67-40a3-8abf-0a470f34cde6,490394c4-0630-4107-9767-4fbbb3d3c6a6,d61a126c-a6cc-4862-af8f-1a4565b1cad9,fb8242b9-3962-46b4-afa9-19384756c6f8,bec74d49-5fc5-4a85-8882-b085a237938d
0xb7c9e88bc8896107,ab613f76-f372-4e4e-a5a8-7438d8085e0a,5380a249-0bac-43cd-aa1c-cd191171d04f,5380a249-0bac-43cd-aa1c-cd191171d04f,5380a249-0bac-43cd-aa1c-cd191171d04f,0bd85b1c-3a9d-4099-a2a8-10f74e86887a,0bd85b1c-3a9d-4099-a2a8-10f74e86887a,0bd85b1c-3a9d-4099-a2a8-10f74e86887a,5a81bb7c-134d-46e0-b8ba-172e510e5984,5a81bb7c-134d-46e0-b8ba-172e510e5984,5a81bb7c-134d-46e0-b8ba-172e510e5984
0xc5f2b68d7bf3fadb,d5a2e9c4-938b-4c6b-a1c4-ce909bb4e998,576d29ed-d64b-4d25-8a76-ce4fa5e9a2f3,c0744732-b2c1-48a5-a064-9de765046052,dab8ad84-c50f-4baf-bc66-af6aee19565c,f234f966-91cc-4e5e-bffb-8bd55838e439,8f23408f-39d1-4c99-8d63-03d4566c423b,918a169a-161b-4f63-beff-892c881e6a20,24a9f783-7412-4220-832e-e46ccc41436d,33f952ce-c9aa-4dcb-bfea-668cf9751afb,26622d0e-0eff-4245-b51c-6c65d62981a1
0x030d66b38b7ab7e3,34ce05db-c1a5-499c-95ee-fb4033772a93,abab864e-11ef-4668-a258-cee4b9b010bd,d3169b4a-83e9-4ce0-aee3-5fcf0069b05c,bde87d9a-3cf3-4b6b-9512-54a079035a82,ad66c18e-b95e-44d1-a6b3-8e624f6a29b6,9f8f43bd-6989-4063-b3c0-c9773a73d6d4,5653986f-2b9f-4215-8629-b323ad90bc5d,49015252-dc79-4646-8a3b-e879693ee522,54991676-cc65-481b-a4cf-7b99f191b0c4,ee6b656c-0e1a-435a-9277-07a948e84726
0xd0a5910478602d19,6565c118-707b-4899-9781-471aaa83c832,7875fdab-5d79-41d0-be0c-e22b9a98cfcc,d91aae81-4184-4361-a377-520a8ba082e7,4cf209f0-de0b-44a7-9c5d-3205c208dc89,f84115d0-0d0a-447b-9d43-6a4abb7be60a,6cef2ba5-68c4-4e3e-8964-8756ee1c488b,fde655a8-d87f-4e78-8541-daa9ffabc971,96cb81b0-88d6-46ee-b964-6aea005b009c,85f3117a-7583-4b47-9aad-e20bcc9824a7,6a3083c2-e369-4e2a-beb1-f41cac8628bb
0x25c3ed8f6c194bee,7bd6dde9-1d4d-4cf5-aa73-5fff5227bab7,009bf4f6-ade3-455e-8dc8-44ec97e34e7e,9d4c2577-faa0-4d31-8da6-05b26d916167,2d5e4785-8018-4721-a490-114db70dc278,99be1951-21c3-4b77-a475-48e9fb30b215,8059acd4-0eff-4aad-b524-e61a3a57cd5e,e2623042-fe28-4b9f-83df-e416d0a89032,3907ed8d-4f82-4f9c-af8e-dd550b2fbf8c,4d61bfe7-770c-482d-a09c-6cd8936c665b,1ea57835-03ab-4271-8065-3123423b25ef
0xe0680be899be88ed,ebce48a4-fffb-415c-aa35-1b1a23f22814,ec70c345-473e-4a7a-8012-d5b40b06b826,ef276de7-43f8-4c70-bc96-9bea010824bd,75d64136-3b96-46f7-9573-eaabe119801a,bacf5c4b-e95c-4081-b905-bed783456d78,a3f10a9d-6cf2-4d7b-afe2-86e3971d7b57,3fdf1c02-c9d2-4b50-ac51-fdf80139690d,51bebcf1-80a7-43c8-a51f-c17176098dbe,77019f84-ae5b-4c60-88df-b3467a6c9c3f,487890e9-d38e-487a-9d91-f13581c6781f
0x67e7b216af9220a1,9bb62484-91c2-4696-a0ec-553ed1fa297b,31998c92-8124-4c15-b434-6aaa820b9d52,34aeb8db-d589-4150-bd85-09339859dc0a,5f50bd63-8c89-4f2b-92fb-5adf085be3b3,5971a015-3e08-4c2f-b891-f3e01670919d,f79005c9-97c7-4f5f-ae6d-9211360a982e,b2a72821-fb61-4928-9ec0-ccb9707b5bb6,fec74010-474f-47b0-a2ed-0817e16d4b78,6c823f36-8904-47f7-8647-fb9f35620e40,d3b26ee7-fa3a-461d-a294-b46c69698032
0x0443bb06b96ba03f,967cfea0-6458-4883-96c6-e4ba31323e65,fb561fed-d586-400b-ad08-d906e273a625,90b31335-1173-4e74-8f35-be88d23bf4d1,f12e9157-4d3a-400b-9098-bc0caab1bfbc,daa65928-532f-407c-9ee0-5a92e253ef36,d1346416-bf44-4b03-87bf-cafcaf59754e,b04239a5-faf8-4463-8872-356da4eba566,8571723d-4c63-43a9-a0dc-08807cd2b23b,d0e37196-b359-4315-bc63-aa3b4992dc68,f0ea2d1d-6d7d-46fd-b744-8a29d7745bf5
0x5bd5385a428ef5b2,07205827-74c3-4687-9186-265ef4cb010b,17e78e1d-c163-4371-82a2-ebdd71107e15,eedea377-7d6f-43d2-9a9e-2d1aa3e47a88,f48de566-f7e4-4edf-851e-a977c1a130c3,1b32e45d-cb20-4b87-b714-025ab123492a,e1f1276e-3a8c-4959-aa9a-f0144b38be0f,2ef87988-7aca-4d97-b7f4-21e8d07e68c5,919a6878-4cc5-4dea-bcb3-75a7e91b8be4,2072da07-a4db-4e67-b162-1a71ee4b40b0,b15c78f8-9354-4a28-b648-512cedc6d383
0x115561ebcaec1594,8380b66f-9009-481c-b662-69867e8d9b9c,c9c0b849-8d64-456c-a254-1b8a62ca1385,ae3c9c2f-355d-4ffd-910c-b31d97e919a8,431571f9-9c37-4e4c-a032-fafa8d8e6814,f591f4bf-8e1e-4ffb-a8be-0e36e94f9c50,064724ef-da18-4b29-9095-f1a6310c4425,4d7232ac-afab-4b4c-a1e4-ff5e05c86703,0822f543-93aa-49dd-afbd-5fa9c511bb4f,d1272345-da9c-43bc-a318-99977dbdcf39,3c46ed0b-6dd1-4864-a801-701f68cd8f26
0x813eecae0ea74db8,a071708c-026d-4aa3-8002-20e9b5e724b9,d43ef994-88f3-42ae-90aa-837f0765b4b4,6be6cb48-1089-43f6-897c-5f77edafde87,0eb399a1-69eb-48f2-a541-b3e1f4890e28,d816e634-046f-4bdf-b653-12ee1e669123,04c7350e-dc1a-432c-af4c-c7d35d93f5af,cb212f92-991c-40c9-b900-20618cab545e,2482d622-8ee0-4377-8bb3-1071c6bc3d93,32e16342-d767-4cc1-9518-e43cd504c428,b3d21524-4c52-43f1-9e5e-7ff64106a3f9
0x04845feb89c563b8,f055be97-6e96-472e-825e-1647a70596e1,214d4293-e98e-4942-aaea-c6194feddbca,a5e1f1d4-1a77-4c4e-97f6-7cc74eb6e2a2,214d4293-e98e-4942-aaea-c6194feddbca,ccc68674-c4b0-4c93-b0cc-2333934b71c9,88b26d8d-5e57-470e-b93e-e832f839c96d,88b26d8d-5e57-470e-b93e-e832f839c96d,ccc68674-c4b0-4c93-b0cc-2333934b71c9,df9d7ccf-697d-48ea-b3dc-995ada142c18,df9d7ccf-697d-48ea-b3dc-995ada142c18
0xb64f9203a5c5ac68,d371c094-1f79-49f0-837a-55765d9f85db,f5220e57-929f-4b60-8013-f863bb7301c3,fde65319-256f-4108-99f7-4ccb35d91352,9dc121ef-bee2-4d96-9108-e3d8b3d0b831,950be74b-9412-4bdb-8c11-1a4eb03823f3,8a1c69c1-ee0e-45f7-971d-a1a167698622,e780ccac-ed73-4f80-816b-d28d533cb88b,14d513f2-b9cc-4618-b77e-c684b845e8e7,bcad154f-4365-4b10-9445-012e0645d920,98a8d821-69ea-46bc-b7cc-1c70cad468fd
0xfad196beb00c807c,c95af050-35d0-4876-b787-42a941bcea0a,994a4b7d-95cf-476b-98f9-5a16b5663350,d46c90c2-20ef-48a6-982d-69f8ecc5952a,e2ddefdf-a89d-4257-b294-00eaa69f81c8,d5ac28d4-8e92-4e94-b063-e232b01ddd38,c0e125b8-53f4-46e1-991d-8fb213ad52fe,9fac6d0f-ff8b-463a-ad4d-68ae5c4e8cc6,9ffccbb1-9d8a-4f09-bf19-e63bccd90c8b,bbe6d76c-2396-41ef-b067-2697c4a66dce,cdb4365a-0be8-4ed7-b9f8-e5b01a654057
0x32c66e4278279976,47fb87de-b4fe-4c6c-9287-39045833944e,1f5d96a3-dfbf-4572-aa4c-3e6adf689012,d6a79448-97f0-4599-91c8-740060bdf766,4b3977bc-8bf8-4d7a-97dc-8d1fc9a13f15,36722c49-0eeb-4295-ae96-ec77143279e8,36174172-a08b-47b2-b0e8-d9d831d5a693,41b3d369-f443-4994-808e-6c780140fce9,ab5c03c6-0f1d-4a0a-a137-00f79a84f274,6cc73251-d006-47df-8809-eff623426c79,7424ad3f-6264-46d1-8ebe-e8a7a0aa1c99
0xfe5007fe4ddf8f1f,b3423016-652f-4d65-b12c-0e729a5c585a,2530c717-ff16-4cf2-bdaa-dfdf9ae6f567,1233f88f-ce75-470d-bede-222319f41d92,e8babeb7-957c-4c9f-bd02-e782e9e2aa2a,c6173d43-6a77-466b-af53-33a178e53688,43924abe-dd79-425e-93e5-40236ffdf9a3,f2cdf37c-2f37-45de-8679-0200050098d9,0ac965ce-bb35-4459-853c-459bb5041bd5,3fd4d86d-a403-448d-9c4c-8e4466ac2dc2,f95fe474-cf57-4d3c-bf93-5c2b65a7a6ae
0xf91acb323cb9df06,37350ce5-ce18-467d-afa0-275e6754e95f,5ad290b4-f3b3-4526-9485-515316ecdc33,62e171fa-45f7-4060-a6a5-1b7a7891cf22,3eae2644-8253-4fa2-8757-7a26fca150c3,8eebee5b-c678-477d-b11c-55ec0d5c3536,c9b4510a-ec9b-4d16-8211-00fd9c349e1f,7a4ca60b-50f2-4f80-879a-59a4bf5629b1,18f5b8ab-c488-48fd-8eea-73605dfa64a8,6fb91fe3-98f6-4ce4-8566-22e0e483f7c0,f8ac29ae-ed18-4bfe-a5ad-fe280bd5df02
0x2f58577dd7194d85,fff69832-27d9-465a-9701-d56392f623f6,d3735925-ad7b-4a72-868d-9a36ece8a53c,c5c18be4-29c2-4807-a16d-b5a6243b196d,1303ada7-a896-4db0-be01-af31eb23fa17,59fbc3a1-1521-4f12-9db8-25220b525eb7,c19742ba-2a67-480b-a477-3fbcd19a8d3c,9c116ba1-ab69-4f96-90da-818fcd8e0c74,d00d392a-8d4c-49e7-aaeb-1a1951173943,0814a1f7-a6c9-4239-a1f3-9e5e427743bc,9de0d688-aa36-4ff9-ae22-763808d07a0e
0xcc2563b2fe07f312,edac5a33-4c73-4609-8409-894ed5be5659,6e843d65-28a2-47b8-9624-0860160f1ffa,97bd8286-1545-47c2-8d53-b76526e6c72f,a3186f33-179e-4fb8-86fb-a779cae07a43,0cbce21c-67d8-4ddf-9126-f7337bb0efcc,03da74d5-dacf-480c-8c8e-4fc1c9851da1,ee9e6682-8252-4431-a584-b82bce3b4ab6,24d86405-3f22-4c36-b444-93b713008b5e,3e9913b3-fcac-4cbf-9d03-46bbea066e07,2d549e68-cbee-4e75-9f1d-186603cb59fe
0x3fbf6fa2d72851ea,755f1c40-fdd6-4673-9f2b-5541525791e2,cfe4babd-1160-4590-9c03-82b886497403,6c4f2c4b-a5b3-4fe0-a1bc-30e70c6469ad,c06bd942-1e5f-41db-ac60-0e9830746011,6227b450-3777-4904-a6bf-49872703d0cb,4dd6961e-ff01-499d-b51d-fa899b42ae89,3ab3bb86-5424-4676-89aa-27088deb3ce0,471719f1-ff5e-46e7-96c1-d63c1384ea1e,90c35677-8741-4409-9822-f9d39d8a3a08,4bb6670e-2657-4780-95c6-102531ab6cad
0x31007f0d4dc6f5fc,66145dbc-d978-4206-bc21-a9b0ea333297,f4dcc505-12e6-4b0c-ac5d-f06bf78d49f7,308e749d-c489-414e-9434-0f733d3881ea,407b52ad-8250-4113-a194-58e6da2018ec,52b4d8d2-09e5-47c7-adee-8a634eb23b88,3a62058d-64df-4bd1-8e37-b4602a460cbf,175efb3a-b0bf-4d67-a41b-4b35ffbf0730,21094d5f-2977-43ec-ab35-5c9313a454c1,68ef8822-e537-44ae-a58f-21a2c804cbe1,fc1edb57-1ae5-4939-8c4e-49cdc89f9b5a
0xb76e43c87818681f,c98f65c5-a25e-47f9-ae65-34ce038daadf,ff4d585d-fb86-406e-8af8-d7617e13d8a7,ad350ea8-ab84-4682-9419-8d9fc93e0ed3,51a97864-43c3-49a7-8409-93457d126b6d,97ec1585-cba8-4e5e-a24e-fa8c2833647d,5ed76c4c-a518-4e8c-8453-b66d917edd64,17e04799-cccd-4826-ba13-57406d85de3c,7ff65714-e580-4dd7-b620-48d09d0e2e07,e13cc0f5-c7e4-4dcc-ad36-d343b24f8892,597a3cc9-a4a5-479c-8781-c224c11e2bf7